exp,PID.count,PID.fraction,cloneCount,cloneFraction,nSeqCDR3,aaSeqCDR3,v_gene,d_gene,j_gene,V.start,V.end,V.len,V.read.start,V.read.end,V.mutations,V.score,D.start,D.end,D.len,D.read.start,D.read.end,D.mutations,D.score,J.start,J.end,J.len,J.read.start,J.read.end,J.mutations,J.score,C.start,C.end,C.len,C.read.start,C.read.end,C.mutations,C.score,CDR3_length
mTCR-M7-TETpos,66,0.024507984,5033,0.021319767,TGTGCCAGCAGTGATGACAGGGTTGAACAGTACTTC,CASSDDRVEQYF,mTRBV13-3,mTRBD1,mTRBJ2-7,270,285,305,0,15,NA,75,13,20,33,15,22,NA,35,26,39,66,23,36,NA,65,NA,NA,NA,NA,NA,NA,NA,12
mTCR-M7-TETpos,46,0.017081322,2389,0.010119794,TGTGCCAGCAGTGATGGACTGGGGGGGCAGTACTTC,CASSDGLGGQYF,mTRBV13-1,mTRBD2,mTRBJ2-7,270,285,305,0,15,NA,75,14,26,39,15,27,NA,60,30,39,66,27,36,NA,45,NA,NA,NA,NA,NA,NA,NA,12
mTCR-M7-TETpos,124,0.046045303,16517,0.069965943,TGTGCCAGCAGTGACTGGGGGACAAACACCGGGCAGCTCTACTTT,CASSDWGTNTGQLYF,mTRBV13-3,mTRBD2,mTRBJ2-2,270,284,305,0,14,NA,70,17,24,39,14,21,NA,35,20,43,70,22,45,NA,115,NA,NA,NA,NA,NA,NA,NA,15
mTCR-M7-TETpos,59,0.021908652,3330,0.014105866,TGTGCCAGCAGTGGAAGGGACAGACTCACCGGGCAGCTCTACTTT,CASSGRDRLTGQLYF,mTRBV13-1,mTRBD1,mTRBJ2-2,270,283,305,0,13,NA,65,11,18,33,16,23,NA,35,24,43,70,26,45,NA,95,NA,NA,NA,NA,NA,NA,NA,15
mTCR-M7-TETpos,10,0.003713331,1638,0.006938561,TGTGCCAGCAGCCAAGGGAGTCAAAACACCTTGTACTTT,CASSQGSQNTLYF,mTRBV4,NA,mTRBJ2-4,270,286,306,0,16,ST282C,66,NA,NA,NA,NA,NA,NA,NA,20,41,68,18,39,NA,105,NA,NA,NA,NA,NA,NA,NA,13
mTCR-M7-TETpos,30,0.011139993,1194,0.005057779,TGTGCCAGCAGTGATCGGCAGGGTAGTGCAGAAACGCTGTATTTT,CASSDRQGSAETLYF,mTRBV13-1,mTRBD1,mTRBJ2-3,270,285,305,0,15,NA,75,15,20,33,18,23,NA,25,19,41,68,23,45,NA,110,NA,NA,NA,NA,NA,NA,NA,15
mTCR-M7-TETpos,33,0.012253992,2562,0.010852621,TGTGCCAGCAGTGATGGGGAAGGGGGCGCCGACTCCGACTACACCTTC,CASSDGEGGADSDYTF,mTRBV13-1,mTRBD1,mTRBJ1-2,270,285,305,0,15,NA,75,11,26,33,16,30,DC15SC23G,44,23,40,67,31,48,NA,85,NA,NA,NA,NA,NA,NA,NA,16
mTCR-M7-TETpos,25,0.009283327,823,0.003486225,TGTGCCAGCGGTGATGCGAGACAGGGGGCTGTCGAAAGATTATTTTTC,CASGDARQGAVERLFF,mTRBV13-2,mTRBD1,mTRBJ1-4,270,281,301,0,11,NA,55,10,23,33,16,29,SG12A,51,27,43,70,32,48,NA,80,NA,NA,NA,NA,NA,NA,NA,16
mTCR-M7-TETpos,15,0.005569996,2399,0.010162154,TGTGCCAGCAGCTATCTGGGGGGGGATGAACAGTACTTC,CASSYLGGDEQYF,mTRBV4,mTRBD2,mTRBJ2-7,270,284,306,0,14,NA,70,17,26,39,15,24,NA,45,25,39,66,25,39,NA,70,NA,NA,NA,NA,NA,NA,NA,13
mTCR-M7-TETpos,55,0.02042332,3910,0.016562744,TGTGCTAGCAGTTTATCTCGGCAGGGGTTGGAACAGTACTTC,CASSLSRQGLEQYF,mTRBV29,mTRBD1,mTRBJ2-7,270,286,306,0,16,NA,80,15,21,33,21,27,NA,30,27,39,66,30,42,NA,60,NA,NA,NA,NA,NA,NA,NA,14
mTCR-M7-TETpos,19,0.007055329,432,0.00182995,TGTGCCAGCAGACCCGGGACTGGGGGGGCGCGAGCTGAGCAGTTCTTC,CASRPGTGGARAEQFF,mTRBV13-3,mTRBD2,mTRBJ2-1,270,281,305,0,11,NA,55,10,27,39,12,29,NA,85,27,42,69,33,48,NA,75,NA,NA,NA,NA,NA,NA,NA,16
mTCR-M7-TETpos,89,0.033048645,8920,0.037785083,TGTGCCAGCAGTGGATCACTGGGCATAAACACCGGGCAGCTCTACTTT,CASSGSLGINTGQLYF,mTRBV13-1,NA,mTRBJ2-2,270,292,305,0,21,DA283ST284G,79,NA,NA,NA,NA,NA,NA,NA,21,43,70,26,48,NA,110,NA,NA,NA,NA,NA,NA,NA,16
mTCR-M7-TETpos,55,0.02042332,3932,0.016655935,TGTGCCAGCAGGGACAGGGGGCGCGATGAACAGTACTTC,CASRDRGRDEQYF,mTRBV13-1,mTRBD1,mTRBJ2-7,270,284,305,0,14,ST281G,56,15,23,33,14,22,NA,40,25,39,66,25,39,NA,70,NA,NA,NA,NA,NA,NA,NA,13
mTCR-M7-TETpos,14,0.005198663,687,0.002910129,TGTGCCAGCAGTGATGGGGGGGCGGACTATGCTGAGCAGTTCTTC,CASSDGGADYAEQFF,mTRBV13-1,mTRBD2,mTRBJ2-1,270,285,305,0,15,NA,75,19,27,39,15,23,NA,40,22,42,69,25,45,NA,100,NA,NA,NA,NA,NA,NA,NA,15
mTCR-M7-TETpos,51,0.018937987,2644,0.011199973,TGTGCCAGCAGTGATGGTACAGGCAACGAAAGATTATTTTTC,CASSDGTGNERLFF,mTRBV13-1,mTRBD1,mTRBJ1-4,270,285,305,0,15,NA,75,11,19,33,15,23,SG13T,26,24,43,70,23,42,NA,95,NA,NA,NA,NA,NA,NA,NA,14
mTCR-M7-TETpos,61,0.022651318,4263,0.01805805,TGTGCCAGCAGTGAAGCCCGCGGGGGGACTAGTGCAGAAACGCTGTATTTT,CASSEARGGTSAETLYF,mTRBV13-1,mTRBD2,mTRBJ2-3,270,284,305,0,14,NA,70,19,25,39,21,27,NA,30,17,41,68,27,51,NA,120,NA,NA,NA,NA,NA,NA,NA,17
mTCR-M7-TETpos,105,0.038989974,9534,0.040385984,TGTGCCAGCAGTGAGGGACAGTATGAACAGTACTTC,CASSEGQYEQYF,mTRBV13-3,mTRBD1,mTRBJ2-7,270,284,305,0,14,NA,70,11,18,33,14,21,NA,35,24,39,66,21,36,NA,75,NA,NA,NA,NA,NA,NA,NA,12
mTCR-M7-TETpos,92,0.034162644,8890,0.037658003,TGTGCCAGCAGTGAGACACATTCTGGAAATACGCTCTATTTT,CASSETHSGNTLYF,mTRBV13-1,NA,mTRBJ1-3,270,296,305,0,26,ST284GDT286I290ASG291T,73,NA,NA,NA,NA,NA,NA,NA,19,42,69,19,42,NA,115,NA,NA,NA,NA,NA,NA,NA,14
mTCR-M7-TETpos,43,0.015967323,2130,0.009022671,TGTGCCAGCAGTGATGGCCAGGGTAGTCAAAACACCTTGTACTTT,CASSDGQGSQNTLYF,mTRBV13-1,mTRBD1,mTRBJ2-4,270,285,305,0,15,NA,75,12,20,33,15,23,SA14C,26,19,41,68,23,45,NA,110,NA,NA,NA,NA,NA,NA,NA,15
mTCR-M7-TETpos,35,0.012996658,1270,0.005379715,TGTGCCAGCAGGCAGGGAAACAACCAGGCTCCGCTTTTT,CASRQGNNQAPLF,mTRBV13-1,mTRBD1,mTRBJ1-5,270,281,305,0,11,NA,55,15,20,33,12,17,NA,25,21,42,69,18,39,NA,105,NA,NA,NA,NA,NA,NA,NA,13
mTCR-M7-TETpos,29,0.010768659,883,0.003740384,TGTGCCAGCAGTGGTCCACTGGGGGGAGAGGAAGACACCCAGTACTTT,CASSGPLGGEEDTQYF,mTRBV13-1,mTRBD2,mTRBJ2-5,270,283,305,0,13,NA,65,16,25,39,17,26,NA,45,24,41,68,31,48,NA,85,NA,NA,NA,NA,NA,NA,NA,16
mTCR-M7-TETpos,58,0.021537319,5397,0.022861669,TGTGCCAGCAGTGCCCCGGCTATTCAAAACACCTTGTACTTT,CASSAPAIQNTLYF,mTRBV13-3,mTRBD1,mTRBJ2-4,270,283,305,0,13,NA,65,8,13,33,14,19,NA,25,18,41,68,19,42,SG21T,101,NA,NA,NA,NA,NA,NA,NA,14
mTCR-M7-TETpos,54,0.020051987,3629,0.015372429,TGTGCCAGCAGTGATGTGGCTGGGGGGGGCTATGCTGAGCAGTTCTTC,CASSDVAGGGYAEQFF,mTRBV13-1,mTRBD2,mTRBJ2-1,270,285,305,0,15,NA,75,17,26,39,19,28,NA,45,23,42,69,29,48,NA,95,NA,NA,NA,NA,NA,NA,NA,16
mTCR-M7-TETpos,61,0.022651318,3110,0.013173947,TGTGCCAGCAGTGGACAGGGGGCCGGCACCCAGTACTTT,CASSGQGAGTQYF,mTRBV13-1,mTRBD1,mTRBJ2-5,270,283,305,0,13,NA,65,13,24,33,13,24,NA,55,28,41,68,26,39,NA,65,NA,NA,NA,NA,NA,NA,NA,13
mTCR-M7-TETpos,40,0.014853323,1400,0.005930394,TGTGCCAGCAGTGATGCTCCGACTGGGAGTGCAGAAACGCTGTATTTT,CASSDAPTGSAETLYF,mTRBV13-1,mTRBD2,mTRBJ2-3,270,285,305,0,15,NA,75,15,22,39,20,27,NA,35,20,41,68,27,48,NA,105,NA,NA,NA,NA,NA,NA,NA,16
mTCR-M7-TETpos,35,0.012996658,849,0.00359636,TGTGCCAGCAGAGGACTGGGGGGGCATGCTGAGCAGTTCTTC,CASRGLGGHAEQFF,mTRBV13-1,mTRBD2,mTRBJ2-1,270,281,305,0,11,NA,55,14,27,39,12,25,NA,65,25,42,69,25,42,NA,85,NA,NA,NA,NA,NA,NA,NA,14
mTCR-M7-TETpos,4,0.001485332,490,0.002075638,TGTGCCAGCAGCTCCGACTGGGGCTATGAACAGTACTTC,CASSSDWGYEQYF,mTRBV3,mTRBD2,mTRBJ2-7,273,286,308,0,13,NA,65,15,23,39,15,23,NA,40,23,39,66,23,39,NA,80,NA,NA,NA,NA,NA,NA,NA,13
mTCR-M7-TETpos,10,0.003713331,532,0.00225355,TGTGCCAGCTCTGGGGTCTCCTATGAACAGTACTTC,CASSGVSYEQYF,mTRBV3,mTRBD2,mTRBJ2-7,273,282,309,0,9,NA,45,17,23,39,10,16,NA,30,20,39,66,17,36,NA,95,NA,NA,NA,NA,NA,NA,NA,12
mTCR-M7-TETpos,22,0.008169328,2926,0.012394524,TGTGCTAGCAGTTTGACAGTGAACACAGAAGTCTTCTTT,CASSLTVNTEVFF,mTRBV29,mTRBD1,mTRBJ1-1,270,284,306,0,14,NA,70,13,18,33,14,19,NA,25,22,40,67,21,39,NA,90,NA,NA,NA,NA,NA,NA,NA,13
mTCR-M7-TETpos,45,0.016709989,3522,0.014919177,TGTGCCAGCAGGACAGGGGAATCTAGTGCAGAAACGCTGTATTTT,CASRTGESSAETLYF,mTRBV13-3,mTRBD1,mTRBJ2-3,270,281,305,0,11,NA,55,13,21,33,11,19,NA,40,18,41,68,22,45,NA,115,NA,NA,NA,NA,NA,NA,NA,15
mTCR-M7-TETpos,1,0.000371333,18,7.62E-05,TGTGCCAGCAGCCAAGATAACTGGGGAGAAACGCTGTATTTT,CASSQDNWGETLYF,mTRBV5,mTRBD2,mTRBJ2-3,267,283,303,0,16,NA,80,16,23,39,19,26,NA,35,25,41,68,26,42,NA,80,NA,NA,NA,NA,NA,NA,NA,14
mTCR-M7-TETpos,57,0.021165986,3192,0.013521299,TGTGCCAGCAGTGATATTGGGGGCTATGAACAGTACTTC,CASSDIGGYEQYF,mTRBV13-3,mTRBD2,mTRBJ2-7,270,287,305,0,17,NA,85,18,24,39,17,23,NA,30,23,39,66,23,39,NA,80,NA,NA,NA,NA,NA,NA,NA,13
mTCR-M7-TETpos,4,0.001485332,5,2.12E-05,TGTGCCAGCAAGACAGACCAAGACACCCATTACTTT,CASKTDQDTHYF,mTRBV13-1,mTRBD1,mTRBJ2-5,270,280,305,0,10,NA,50,13,18,33,11,16,NA,25,21,41,68,16,36,SG34T,86,NA,NA,NA,NA,NA,NA,NA,12
mTCR-M7-TETpos,14,0.005198663,2648,0.011216917,TGTGGTGCTAGGGATCACGAAAGATTATTTTTC,CGARDHERLFF,mTRBV20,NA,mTRBJ1-4,279,292,312,0,13,NA,65,NA,NA,NA,NA,NA,NA,NA,26,43,70,16,33,NA,85,NA,NA,NA,NA,NA,NA,NA,11
mTCR-M7-TETpos,42,0.01559599,1709,0.007239317,TGTGCCAGCAGAGGTGACAGTCCTAGTGCAGAAACGCTGTATTTT,CASRGDSPSAETLYF,mTRBV13-1,mTRBD1,mTRBJ2-3,270,281,305,0,11,NA,55,13,18,33,15,20,NA,25,18,41,68,22,45,NA,115,NA,NA,NA,NA,NA,NA,NA,15
mTCR-M7-TETpos,18,0.006683996,1657,0.007019045,TGCACCTGCAGTGGCCGGGACAGCAACAACCAGGCTCCGCTTTTT,CTCSGRDSNNQAPLF,mTRBV1,mTRBD1,mTRBJ1-5,270,283,304,0,13,NA,65,9,18,33,14,23,NA,45,21,42,69,24,45,NA,105,NA,NA,NA,NA,NA,NA,NA,15
mTCR-M7-TETpos,6,0.002227999,89,0.000377,TGTGCCAGCAGTGATACCCAAGCCTCCGACTACACCTTC,CASSDTQASDYTF,mTRBV13-3,NA,mTRBJ1-2,270,286,305,0,16,NA,80,NA,NA,NA,NA,NA,NA,NA,24,40,67,23,39,NA,80,NA,NA,NA,NA,NA,NA,NA,13
mTCR-M7-TETpos,64,0.023765317,4055,0.017176963,TGTGCCAGCAGCCCGGGACAGGATCAAAACACCTTGTACTTT,CASSPGQDQNTLYF,mTRBV13-1,mTRBD1,mTRBJ2-4,270,281,305,0,11,NA,55,8,19,33,11,22,NA,55,22,41,68,23,42,NA,95,NA,NA,NA,NA,NA,NA,NA,14
mTCR-M7-TETpos,54,0.020051987,4201,0.017795418,TGTGCCAGCGGTGATGCGGGACAGGGAGGAGTCTTCTTT,CASGDAGQGGVFF,mTRBV13-2,mTRBD1,mTRBJ1-1,270,285,305,0,15,NA,75,10,20,33,16,26,NA,50,27,40,67,26,39,SA29G,51,NA,NA,NA,NA,NA,NA,NA,13
mTCR-M7-TETpos,59,0.021908652,4738,0.020070148,TGTGCCAGCAGTGGGGACAATTATGAACAGTACTTC,CASSGDNYEQYF,mTRBV13-3,mTRBD1,mTRBJ2-7,270,283,305,0,13,NA,65,11,17,33,13,19,NA,30,24,39,66,21,36,NA,75,NA,NA,NA,NA,NA,NA,NA,12
mTCR-M7-TETpos,35,0.012996658,1844,0.007811176,TGTGCCAGCAGTGATTCAGGGTCCTACACCTTGTACTTT,CASSDSGSYTLYF,mTRBV13-3,NA,mTRBJ2-4,270,289,305,0,18,DA285,78,NA,NA,NA,NA,NA,NA,NA,27,41,68,25,39,NA,70,NA,NA,NA,NA,NA,NA,NA,13
mTCR-M7-TETpos,33,0.012253992,1333,0.005646582,TGTGCCAGCAGTGATGGACTGGGGGATAGTCAAAACACCTTGTACTTT,CASSDGLGDSQNTLYF,mTRBV13-3,mTRBD2,mTRBJ2-4,270,285,305,0,15,NA,75,14,24,39,15,25,NA,50,19,41,68,26,48,NA,110,NA,NA,NA,NA,NA,NA,NA,16
mTCR-M7-TETpos,27,0.010025993,3699,0.015668948,TGTGCCAGCGGTGATGGCTGGGGGGTGGCTGAGCAGTTCTTC,CASGDGWGVAEQFF,mTRBV13-2,mTRBD2,mTRBJ2-1,270,285,305,0,15,NA,75,17,25,39,17,25,NA,40,27,42,69,27,42,NA,75,NA,NA,NA,NA,NA,NA,NA,14
mTCR-M7-TETpos,16,0.005941329,1589,0.006730997,TGTGCCAGCAGTGACAGAAATAATTCGCCCCTCTACTTT,CASSDRNNSPLYF,mTRBV19,mTRBD1,mTRBJ1-6,270,282,305,0,12,NA,60,13,18,33,12,17,NA,25,25,45,72,19,39,NA,100,NA,NA,NA,NA,NA,NA,NA,13
mTCR-M7-TETpos,27,0.010025993,2800,0.011860788,TGTGCCAGCAGCCAAGACAATAACTATGCTGAGCAGTTCTTC,CASSQDNNYAEQFF,mTRBV5,NA,mTRBJ2-1,267,283,303,0,16,NA,80,NA,NA,NA,NA,NA,NA,NA,19,42,69,19,42,NA,115,NA,NA,NA,NA,NA,NA,NA,14
mTCR-M7-TETpos,28,0.010397326,4697,0.019896472,TGTGCCAGCAGCCAAAAAACAGAATATGAACAGTACTTC,CASSQKTEYEQYF,mTRBV5,NA,mTRBJ2-7,267,280,300,0,13,NA,65,NA,NA,NA,NA,NA,NA,NA,24,39,66,24,39,NA,75,NA,NA,NA,NA,NA,NA,NA,13
mTCR-M7-TETpos,23,0.008540661,2012,0.008522824,TGTGCCAGCACCTCCTGGGGGGGTGAGGCTGAGCAGTTCTTC,CASTSWGGEAEQFF,mTRBV19,mTRBD2,mTRBJ2-1,270,280,304,0,10,NA,50,17,26,39,14,23,NA,45,27,42,69,27,42,NA,75,NA,NA,NA,NA,NA,NA,NA,14
mTCR-M7-TETpos,10,0.003713331,1041,0.004409672,TGTGCCAGCAGCCAAGATACGGGGGCATACACAGAAGTCTTCTTT,CASSQDTGAYTEVFF,mTRBV2,NA,mTRBJ1-1,270,286,306,0,16,NA,80,NA,NA,NA,NA,NA,NA,NA,19,40,67,24,45,SA22T,91,NA,NA,NA,NA,NA,NA,NA,15
mTCR-M7-TETpos,8,0.002970665,1560,0.006608153,TGTGGTGCTAGAGACAAATATGCTGAGCAGTTCTTC,CGARDKYAEQFF,mTRBV20,NA,mTRBJ2-1,279,290,312,0,11,NA,55,NA,NA,NA,NA,NA,NA,NA,21,42,69,15,36,SC23A,91,NA,NA,NA,NA,NA,NA,NA,12
mTCR-M7-TETpos,59,0.021908652,4903,0.020769087,TGTGCCAGCGGTGACCCCGGACAAAGTCAAAACACCTTGTACTTT,CASGDPGQSQNTLYF,mTRBV13-2,mTRBD1,mTRBJ2-4,270,281,301,0,11,NA,55,5,17,33,11,23,ST7ASG11C,32,20,41,68,24,45,NA,105,NA,NA,NA,NA,NA,NA,NA,15
mTCR-M7-TETpos,23,0.008540661,2131,0.009026907,TGTGCCAGACAGGGCACAGAAGTCTTCTTT,CARQGTEVFF,mTRBV19,NA,mTRBJ1-1,270,281,304,0,12,I278A,43,NA,NA,NA,NA,NA,NA,NA,24,40,67,14,30,NA,80,NA,NA,NA,NA,NA,NA,NA,10
mTCR-M7-TETpos,20,0.007426662,1430,0.006057474,TGTGCCAGCACCCCCCCACGTCCTAGTGCAGAAACGCTGTATTTT,CASTPPRPSAETLYF,mTRBV19,mTRBD2,mTRBJ2-3,270,280,305,0,10,NA,50,0,11,39,10,22,I8C,43,18,41,68,22,45,NA,115,NA,NA,NA,NA,NA,NA,NA,15
mTCR-M7-TETpos,26,0.00965466,2048,0.008675319,TGTGCCAGCAAGACTGGGGGAAACACCGGGCAGCTCTACTTT,CASKTGGNTGQLYF,mTRBV19,mTRBD2,mTRBJ2-2,270,280,301,0,10,NA,50,15,24,39,11,20,NA,45,21,43,70,20,42,NA,110,NA,NA,NA,NA,NA,NA,NA,14
mTCR-M7-TETpos,55,0.02042332,8254,0.034963909,TGCACCTGCAGTGCTGGGGGGCTTCACACCGGGCAGCTCTACTTT,CTCSAGGLHTGQLYF,mTRBV1,mTRBD2,mTRBJ2-2,270,284,306,0,14,NA,70,18,25,39,14,21,NA,35,23,43,70,25,45,NA,100,NA,NA,NA,NA,NA,NA,NA,15
mTCR-M7-TETpos,4,0.001485332,104,0.000441,TGTGCTAGCAGTCCCGGGGGTTTTGACCAAGACACCCAGTACTTT,CASSPGGFDQDTQYF,mTRBV17,mTRBD1,mTRBJ2-5,270,282,306,0,12,NA,60,8,14,33,12,18,NA,30,18,41,68,22,45,SA20G,101,NA,NA,NA,NA,NA,NA,NA,15
mTCR-M7-TETpos,13,0.00482733,1285,0.005443255,TGTGCTAGCAGTCCCAGGGGTTTTGACCAAGACACCCAGTACTTT,CASSPRGFDQDTQYF,mTRBV17,mTRBD1,mTRBJ2-5,270,282,306,0,12,NA,60,15,21,33,14,20,NA,30,18,41,68,22,45,SA20G,101,NA,NA,NA,NA,NA,NA,NA,15
mTCR-M7-TETpos,15,0.005569996,314,0.001330103,TGTGCCAGCAGCCACCGACTGGGGGGGCAAGATACCCAGTACTTT,CASSHRLGGQDTQYF,mTRBV5,mTRBD2,mTRBJ2-5,267,281,303,0,14,NA,70,15,26,39,16,27,NA,55,23,41,68,27,45,SC28T,76,NA,NA,NA,NA,NA,NA,NA,15
mTCR-M7-TETpos,4,0.001485332,584,0.002473822,TGTGGTGCTAGTCAGAATAACAACCAGGCTCCGCTTTTT,CGASQNNNQAPLF,mTRBV20,NA,mTRBJ1-5,279,290,312,0,11,NA,55,NA,NA,NA,NA,NA,NA,NA,19,42,69,16,39,NA,115,NA,NA,NA,NA,NA,NA,NA,13
mTCR-M7-TETpos,53,0.019680654,2934,0.012428412,TGTGCCAGCAGTCGACTGGGGGACACCCAGTACTTT,CASSRLGDTQYF,mTRBV13-3,mTRBD2,mTRBJ2-5,270,282,305,0,12,NA,60,15,23,39,13,21,NA,40,26,41,68,21,36,NA,75,NA,NA,NA,NA,NA,NA,NA,12
mTCR-M7-TETpos,17,0.006312662,1747,0.007400285,TGTGCCAGCAGACAGGGGACTAACTATGCTGAGCAGTTCTTC,CASRQGTNYAEQFF,mTRBV5,mTRBD1,mTRBJ2-1,267,278,300,0,11,NA,55,14,21,33,11,18,NA,35,20,42,69,20,42,NA,110,NA,NA,NA,NA,NA,NA,NA,14
mTCR-M7-TETpos,21,0.007797995,1858,0.00787048,TGTGCCAGCAGCCAACAGGGGACAGGCAACCAGGCTCCGCTTTTT,CASSQQGTGNQAPLF,mTRBV5,mTRBD1,mTRBJ1-5,267,280,300,0,13,NA,65,11,19,33,18,26,NA,40,23,42,69,26,45,NA,95,NA,NA,NA,NA,NA,NA,NA,15
mTCR-M7-TETpos,25,0.009283327,2490,0.01054763,TGTGCCAGCAGCCAAGACAGAAACACCGGGCAGCTCTACTTT,CASSQDRNTGQLYF,mTRBV5,NA,mTRBJ2-2,267,283,303,0,16,NA,80,NA,NA,NA,NA,NA,NA,NA,21,43,70,20,42,NA,110,NA,NA,NA,NA,NA,NA,NA,14
mTCR-M7-TETpos,20,0.007426662,2215,0.009382731,TGTGCCAGCAGCCAAGTAGGGGATAGTCAAAACACCTTGTACTTT,CASSQVGDSQNTLYF,mTRBV5,mTRBD1,mTRBJ2-4,267,283,303,0,16,NA,80,16,21,33,17,22,NA,25,19,41,68,23,45,NA,110,NA,NA,NA,NA,NA,NA,NA,15
mTCR-M7-TETpos,27,0.010025993,3268,0.013843234,TGTGCCAGCAGCCAAGACTGGGGGAGCCAAGACACCCAGTACTTT,CASSQDWGSQDTQYF,mTRBV5,mTRBD2,mTRBJ2-5,267,283,303,0,16,NA,80,16,24,39,16,24,NA,40,22,41,68,26,45,NA,95,NA,NA,NA,NA,NA,NA,NA,15
mTCR-M7-TETpos,16,0.005941329,1084,0.004591819,TGCACCTGCAGTGCAGGGTGGGAACAGTACTTC,CTCSAGWEQYF,mTRBV1,NA,mTRBJ2-7,270,284,304,0,14,NA,70,NA,NA,NA,NA,NA,NA,NA,27,39,66,21,33,NA,60,NA,NA,NA,NA,NA,NA,NA,11
mTCR-M7-TETpos,30,0.011139993,3229,0.01367803,TGTGCCAGCAGCCAAGAAACCTATGAACAGTACTTC,CASSQETYEQYF,mTRBV5,NA,mTRBJ2-7,267,283,303,0,16,NA,80,NA,NA,NA,NA,NA,NA,NA,22,39,66,19,36,NA,85,NA,NA,NA,NA,NA,NA,NA,12
mTCR-M7-TETpos,29,0.010768659,5714,0.02420448,TGTGCTAGCAGTGCTCGACTGGGGGGGTCTGAACAGTACTTC,CASSARLGGSEQYF,mTRBV29,mTRBD2,mTRBJ2-7,270,282,306,0,12,NA,60,15,26,39,16,27,NA,55,26,39,66,29,42,NA,65,NA,NA,NA,NA,NA,NA,NA,14
mTCR-M7-TETpos,2,0.000742666,19,8.05E-05,TGTGCCAGCAGTTCAACTAGTGCAGAAACGCTGTATTTT,CASSSTSAETLYF,mTRBV13-3,NA,mTRBJ2-3,270,282,305,0,12,NA,60,NA,NA,NA,NA,NA,NA,NA,17,41,68,15,39,NA,120,NA,NA,NA,NA,NA,NA,NA,13
mTCR-M7-TETpos,24,0.008911994,6134,0.025983598,TGTGCCAGCAGCGATAACAACCAGGCTCCGCTTTTT,CASSDNNQAPLF,mTRBV4,NA,mTRBJ1-5,270,282,306,0,12,NA,60,NA,NA,NA,NA,NA,NA,NA,19,42,69,13,36,NA,115,NA,NA,NA,NA,NA,NA,NA,12
mTCR-M7-TETpos,21,0.007797995,3490,0.014783625,TGTGCCAGCAGCCAAGATATGGGGGGGGCTGAGCAGTTCTTC,CASSQDMGGAEQFF,mTRBV2,mTRBD2,mTRBJ2-1,270,286,306,0,16,NA,80,18,26,39,19,27,NA,40,27,42,69,27,42,NA,75,NA,NA,NA,NA,NA,NA,NA,14
mTCR-M7-TETpos,12,0.004455997,3382,0.014326138,TGTGCCTGGAGTCTAGCCTGGGGGCACCAAGACACCCAGTACTTT,CAWSLAWGHQDTQYF,mTRBV31,mTRBD2,mTRBJ2-5,270,283,303,0,13,NA,65,17,24,39,17,24,NA,35,21,41,68,25,45,NA,100,NA,NA,NA,NA,NA,NA,NA,15
mTCR-M7-TETpos,12,0.004455997,1213,0.005138263,TGTGCCAGCAGCCAAGCCACTGCCTATGAACAGTACTTC,CASSQATAYEQYF,mTRBV2,NA,mTRBJ2-7,270,287,306,0,17,NA,85,NA,NA,NA,NA,NA,NA,NA,22,39,66,22,39,NA,85,NA,NA,NA,NA,NA,NA,NA,13
mTCR-M7-TETpos,10,0.003713331,1536,0.00650649,TGCACCTGCAGTGCAGATTCTGGAAATACGCTCTATTTT,CTCSADSGNTLYF,mTRBV1,NA,mTRBJ1-3,270,286,306,0,16,NA,80,NA,NA,NA,NA,NA,NA,NA,15,42,69,13,39,DA19,118,NA,NA,NA,NA,NA,NA,NA,13
mTCR-M7-TETpos,32,0.011882659,4424,0.018740045,TGCACCTGCAGTGCTGGGGGGGTCCAAGACACCCAGTACTTT,CTCSAGGVQDTQYF,mTRBV1,mTRBD2,mTRBJ2-5,270,284,306,0,14,NA,70,18,26,39,14,22,NA,40,22,41,68,23,42,NA,95,NA,NA,NA,NA,NA,NA,NA,14
mTCR-M7-TETpos,2,0.000742666,3,1.27E-05,TGTGCCAGCAGTGATATGGGGGGATATGCTGAGCAGTTCTTC,CASSDMGGYAEQFF,mTRBV13-3,mTRBD2,mTRBJ2-1,270,287,305,0,17,NA,85,19,25,39,17,23,NA,30,24,42,69,24,42,NA,90,NA,NA,NA,NA,NA,NA,NA,14
mTCR-M7-TETpos,1,0.000371333,8,3.39E-05,TGTGCCAGCAGTGTACAGGGCGGCAACCAGGCTCCGCTTTTT,CASSVQGGNQAPLF,mTRBV13-3,mTRBD1,mTRBJ1-5,270,283,305,0,13,NA,65,14,20,33,14,20,NA,30,23,42,69,23,42,NA,95,NA,NA,NA,NA,NA,NA,NA,14
mTCR-M7-TETpos,4,0.001485332,309,0.001308923,TGTGCCAGCAGTATAGGACTGGGGGGCGAGGGGTACACCTTGTACTTT,CASSIGLGGEGYTLYF,mTRBV19,mTRBD2,mTRBJ2-4,270,285,305,0,15,NA,75,14,25,39,15,26,NA,55,27,41,68,34,48,NA,70,NA,NA,NA,NA,NA,NA,NA,16
mTCR-M7-TETpos,17,0.006312662,1805,0.007645972,TGCACCTGCAGAATCGACAGTAGTCAAAACACCTTGTACTTT,CTCRIDSSQNTLYF,mTRBV1,mTRBD1,mTRBJ2-4,270,281,304,0,11,NA,55,13,18,33,15,20,NA,25,19,41,68,20,42,NA,110,NA,NA,NA,NA,NA,NA,NA,14
mTCR-M7-TETpos,13,0.00482733,2283,0.009670778,TGTGCTAGCAGTCTGGGTAGTCAAAACACCTTGTACTTT,CASSLGSQNTLYF,mTRBV29,mTRBD2,mTRBJ2-4,270,282,306,0,12,NA,60,17,22,39,12,17,NA,25,19,41,68,17,39,NA,110,NA,NA,NA,NA,NA,NA,NA,13
